Timestamp,Daily_Close
1/1/14 23:59,754.9
1/2/14 23:59,784.19
1/3/14 23:59,809.4
1/4/14 23:59,828.79
1/5/14 23:59,905
1/6/14 23:59,919.24
1/7/14 23:59,785
1/9/14 23:59,824.76
1/10/14 23:59,852.61
1/11/14 23:59,896.59
1/12/14 23:59,844.05
1/13/14 23:59,823
1/15/14 23:59,841.14
1/16/14 23:59,814.4
1/17/14 23:59,797.2
1/19/14 23:59,842.07
1/20/14 23:59,826.02
1/23/14 23:59,812
1/24/14 23:59,780
1/25/14 23:59,806.8
1/27/14 23:59,751.95
1/28/14 23:59,788
1/29/14 23:59,794.21
1/30/14 23:59,799.99
1/31/14 23:59,803
2/2/14 23:59,814.99
2/5/14 23:59,782.33
2/6/14 23:59,763.99
2/7/14 23:59,705.01
2/8/14 23:59,680.49
2/10/14 23:59,687.81
2/11/14 23:59,675.1
2/12/14 23:59,651.99
2/13/14 23:59,604.11
2/14/14 23:59,669
2/16/14 23:59,621
2/17/14 23:59,633.66
2/18/14 23:59,627.7
2/19/14 23:59,623.01
2/20/14 23:59,561.86
2/21/14 23:59,581.35
2/22/14 23:59,610.88
2/23/14 23:59,610.09
2/24/14 23:59,535.49
2/25/14 23:59,535
2/26/14 23:59,585.24
2/28/14 23:59,551.89
3/3/14 23:59,677.69
3/4/14 23:59,673
3/5/14 23:59,669.99
3/6/14 23:59,669.57
3/7/14 23:59,632.79
3/8/14 23:59,620
3/12/14 23:59,634.95
3/13/14 23:59,641.01
3/14/14 23:59,630.42
3/16/14 23:59,634.99
3/17/14 23:59,621.11
3/18/14 23:59,612
3/20/14 23:59,587.98
3/24/14 23:59,585.99
3/25/14 23:59,583.77
3/26/14 23:59,581.49
3/27/14 23:59,475
3/28/14 23:59,502.01
3/31/14 23:59,454.83
4/1/14 23:59,478.98
4/2/14 23:59,439
4/4/14 23:59,452.2
4/5/14 23:59,464.8
4/6/14 23:59,456.27
4/7/14 23:59,447.11
4/9/14 23:59,441.69
4/10/14 23:59,363.12
4/11/14 23:59,423
4/13/14 23:59,416.3
4/15/14 23:59,521
4/16/14 23:59,530
4/17/14 23:59,500.09
4/18/14 23:59,483.11
4/20/14 23:59,500
4/22/14 23:59,490
4/24/14 23:59,502.2
4/25/14 23:59,466.52
4/26/14 23:59,459
4/27/14 23:59,430
5/1/14 23:59,460.97
5/3/14 23:59,439
5/4/14 23:59,438.04
5/8/14 23:59,437.69
5/10/14 23:59,455.39
5/11/14 23:59,440
5/13/14 23:59,439.12
5/20/14 23:59,489
5/21/14 23:59,493.98
5/22/14 23:59,529.99
5/23/14 23:59,523.77
5/24/14 23:59,528.44
5/26/14 23:59,581.88
5/27/14 23:59,572.7
5/28/14 23:59,580.66
5/30/14 23:59,621
6/1/14 23:59,630.99
6/2/14 23:59,661.22
6/3/14 23:59,670.14
6/4/14 23:59,640.59
6/6/14 23:59,647.16
6/7/14 23:59,657.13
6/9/14 23:59,648.83
6/11/14 23:59,620.5
6/12/14 23:59,569.1
6/13/14 23:59,592
6/14/14 23:59,566.58
6/15/14 23:59,588.55
6/16/14 23:59,586.91
6/17/14 23:59,606.48
6/19/14 23:59,593.4
6/20/14 23:59,588.02
6/21/14 23:59,591.29
6/23/14 23:59,588.22
6/24/14 23:59,572.62
6/25/14 23:59,560.4
6/26/14 23:59,579.99
6/27/14 23:59,599.99
6/28/14 23:59,589.56
6/30/14 23:59,641.11
7/1/14 23:59,638.25
7/2/14 23:59,650.5
7/3/14 23:59,645.99
7/4/14 23:59,629
7/5/14 23:59,630
7/7/14 23:59,622.09
7/8/14 23:59,623.98
7/10/14 23:59,616.87
7/11/14 23:59,635
7/12/14 23:59,638.1
7/13/14 23:59,630.88
7/14/14 23:59,621.17
7/16/14 23:59,616.86
7/17/14 23:59,622.2
7/18/14 23:59,632.6
7/19/14 23:59,628.63
7/20/14 23:59,627
7/21/14 23:59,622.73
7/22/14 23:59,618.26
7/23/14 23:59,621
7/24/14 23:59,601.66
7/25/14 23:59,602.93
7/26/14 23:59,596.23
7/27/14 23:59,590.3
7/28/14 23:59,586.53
7/29/14 23:59,585.95
7/30/14 23:59,563.84
7/31/14 23:59,582.04
8/2/14 23:59,589.59
8/3/14 23:59,588.91
8/4/14 23:59,588.5
8/5/14 23:59,581.76
8/6/14 23:59,581.16
8/7/14 23:59,585.84
8/8/14 23:59,588.02
8/9/14 23:59,587.97
8/10/14 23:59,590.96
8/11/14 23:59,573.98
8/12/14 23:59,566.69
8/13/14 23:59,548.81
8/14/14 23:59,507.99
8/15/14 23:59,500.25
8/16/14 23:59,521.97
8/17/14 23:59,496.86
8/18/14 23:59,475.22
8/19/14 23:59,491.98
8/20/14 23:59,516.39
8/21/14 23:59,519.28
8/22/14 23:59,514.65
8/23/14 23:59,497
8/24/14 23:59,507.85
8/25/14 23:59,503.82
8/26/14 23:59,512.18
8/27/14 23:59,511.87
8/28/14 23:59,506
8/29/14 23:59,509.3
8/30/14 23:59,500.85
8/31/14 23:59,479.04
9/1/14 23:59,474.54
9/2/14 23:59,474.5
9/3/14 23:59,474.89
9/4/14 23:59,487.43
9/5/14 23:59,477.65
9/6/14 23:59,479.78
9/7/14 23:59,475.43
9/8/14 23:59,468.33
9/9/14 23:59,473.2
9/10/14 23:59,476.57
9/12/14 23:59,474.62
9/13/14 23:59,477.98
9/14/14 23:59,475.49
9/15/14 23:59,469.47
9/16/14 23:59,462.02
9/17/14 23:59,452.09
9/18/14 23:59,425
9/19/14 23:59,395.86
9/20/14 23:59,408.76
9/21/14 23:59,399.55
9/22/14 23:59,400.07
9/23/14 23:59,438.97
9/24/14 23:59,423.68
9/25/14 23:59,408.76
9/26/14 23:59,403.57
9/27/14 23:59,401.77
9/28/14 23:59,375.35
9/29/14 23:59,374.2
9/30/14 23:59,391.09
10/1/14 23:59,384.86
10/2/14 23:59,374.68
10/3/14 23:59,358.74
10/4/14 23:59,326.21
10/5/14 23:59,323.52
10/6/14 23:59,328.59
10/7/14 23:59,334.8
10/8/14 23:59,355.73
10/9/14 23:59,364.01
10/10/14 23:59,360.89
10/11/14 23:59,362
10/12/14 23:59,378.11
10/13/14 23:59,392.6
10/14/14 23:59,403.38
10/15/14 23:59,394.52
10/16/14 23:59,383.95
10/17/14 23:59,383.65
10/18/14 23:59,390.58
10/19/14 23:59,387.53
10/20/14 23:59,381.21
10/21/14 23:59,385.81
10/22/14 23:59,382.04
10/23/14 23:59,357.18
10/25/14 23:59,348.69
10/26/14 23:59,355.18
10/28/14 23:59,356.96
10/29/14 23:59,335.7
10/31/14 23:59,337.99
11/1/14 23:59,324.7
11/3/14 23:59,325.5
11/5/14 23:59,338.38
11/6/14 23:59,349.99
11/8/14 23:59,345.39
11/9/14 23:59,364.77
11/10/14 23:59,366.43
11/11/14 23:59,370.65
11/12/14 23:59,426.63
11/13/14 23:59,420.93
11/14/14 23:59,399.98
11/16/14 23:59,389.86
11/17/14 23:59,387.69
11/18/14 23:59,374.88
11/19/14 23:59,379.03
11/20/14 23:59,356.47
11/21/14 23:59,351.2
11/22/14 23:59,353.12
11/23/14 23:59,367.17
11/24/14 23:59,375.99
11/25/14 23:59,377.37
11/27/14 23:59,369.98
11/28/14 23:59,376.86
11/30/14 23:59,377.01
12/1/14 23:59,376.53
12/2/14 23:59,379.52
12/4/14 23:59,369.16
12/6/14 23:59,374.38
12/7/14 23:59,377.26
12/8/14 23:59,361.3
12/9/14 23:59,352.03
12/10/14 23:59,345.21
12/11/14 23:59,348.9
12/12/14 23:59,352.24
12/13/14 23:59,351.67
12/14/14 23:59,356.52
12/15/14 23:59,349
12/16/14 23:59,329.05
12/17/14 23:59,322
12/19/14 23:59,318.33
12/20/14 23:59,331.79
12/21/14 23:59,320.01
12/24/14 23:59,323.06
12/26/14 23:59,328.27
12/27/14 23:59,316.47
12/29/14 23:59,313.01
12/30/14 23:59,311.07
12/31/14 23:59,321
1/1/15 23:59,313.81
1/2/15 23:59,315.42
1/3/15 23:59,282
1/9/15 23:59,282
1/10/15 23:59,280
1/11/15 23:59,280
1/12/15 23:59,268.25
1/13/15 23:59,232.01
1/14/15 23:59,191
1/15/15 23:59,211.92
1/16/15 23:59,214.28
1/17/15 23:59,197
1/18/15 23:59,210.16
1/19/15 23:59,210.16
1/20/15 23:59,209.19
1/21/15 23:59,213.02
1/24/15 23:59,213.02
1/27/15 23:59,254.2
1/28/15 23:59,259.66
1/29/15 23:59,229.53
1/30/15 23:59,232.98
1/31/15 23:59,230.13
2/1/15 23:59,214.53
2/2/15 23:59,214.53
2/3/15 23:59,241.38
2/4/15 23:59,227.5
2/6/15 23:59,225.61
2/7/15 23:59,225.61
2/8/15 23:59,228.86
2/10/15 23:59,216.79
2/11/15 23:59,216.79
2/12/15 23:59,219.22
2/13/15 23:59,235.06
2/14/15 23:59,247.86
2/15/15 23:59,255.37
2/16/15 23:59,233.62
2/17/15 23:59,233.62
2/19/15 23:59,242.28
2/22/15 23:59,245.65
2/23/15 23:59,233.16
2/27/15 23:59,251.57
2/28/15 23:59,252.2
3/2/15 23:59,252.2
3/3/15 23:59,276.41
3/4/15 23:59,278.48
3/5/15 23:59,265.99
3/7/15 23:59,272.22
3/9/15 23:59,280.15
3/11/15 23:59,290.78
3/13/15 23:59,289.81
3/14/15 23:59,289.81
3/15/15 23:59,284.31
3/17/15 23:59,289.96
3/21/15 23:59,260
3/22/15 23:59,260.07
3/24/15 23:59,254.96
3/25/15 23:59,245.96
3/27/15 23:59,247.99
3/28/15 23:59,252.51
3/30/15 23:59,243.13
3/31/15 23:59,244.11
4/1/15 23:59,244.11
4/2/15 23:59,245.9
4/3/15 23:59,253.92
4/5/15 23:59,254.71
4/6/15 23:59,257.69
4/8/15 23:59,245.72
4/10/15 23:59,241.72
4/14/15 23:59,220.2
4/15/15 23:59,220.52
4/17/15 23:59,223.17
4/18/15 23:59,223.17
4/19/15 23:59,225.87
4/21/15 23:59,225.09
4/25/15 23:59,228.02
4/27/15 23:59,218.43
4/28/15 23:59,218.43
4/29/15 23:59,218.43
4/30/15 23:59,218.43
5/1/15 23:59,234.3
5/3/15 23:59,241.08
5/4/15 23:59,240.78
5/5/15 23:59,232.42
5/6/15 23:59,233.74
5/7/15 23:59,230.16
5/8/15 23:59,237.59
5/11/15 23:59,239.96
5/13/15 23:59,242.82
5/14/15 23:59,237.06
5/17/15 23:59,235.87
5/19/15 23:59,232.34
5/20/15 23:59,233.47
5/21/15 23:59,235.1
5/22/15 23:59,234.7
5/26/15 23:59,236.89
5/27/15 23:59,236.89
6/1/15 23:59,227.29
6/2/15 23:59,222.96
6/3/15 23:59,224.88
6/8/15 23:59,224.31
6/9/15 23:59,229.97
6/10/15 23:59,229.56
6/11/15 23:59,229
6/12/15 23:59,229.79
6/13/15 23:59,229.79
6/14/15 23:59,232.05
6/15/15 23:59,234.1
6/16/15 23:59,240.25
6/17/15 23:59,255
6/19/15 23:59,246.72
6/22/15 23:59,245.9
6/23/15 23:59,243.21
6/25/15 23:59,242.18
6/27/15 23:59,245.2
6/28/15 23:59,245.2
6/29/15 23:59,255.08
6/30/15 23:59,262.11
7/1/15 23:59,256.86
7/2/15 23:59,256.64
7/5/15 23:59,260.1
7/6/15 23:59,272.6
7/7/15 23:59,267.73
7/9/15 23:59,269.39
7/10/15 23:59,286.8
7/12/15 23:59,310.13
7/15/15 23:59,288.57
7/16/15 23:59,283.55
7/20/15 23:59,277.44
7/21/15 23:59,279.5
7/23/15 23:59,276.33
7/24/15 23:59,284.98
7/26/15 23:59,292.59
7/29/15 23:59,288.81
7/31/15 23:59,286.45
8/1/15 23:59,278.24
8/2/15 23:59,279.82
8/3/15 23:59,283
8/4/15 23:59,283.65
8/5/15 23:59,281.81
8/6/15 23:59,279.03
8/7/15 23:59,278.44
8/8/15 23:59,276.39
8/10/15 23:59,264.97
8/11/15 23:59,264.97
8/12/15 23:59,264.97
8/14/15 23:59,265.35
8/18/15 23:59,257
8/20/15 23:59,231.23
8/21/15 23:59,234.19
8/22/15 23:59,231
8/23/15 23:59,230.48
8/24/15 23:59,221.52
8/25/15 23:59,213.97
8/27/15 23:59,225.72
8/30/15 23:59,231.22
9/2/15 23:59,228.69
9/3/15 23:59,228.69
9/4/15 23:59,229.65
9/6/15 23:59,240.38
9/14/15 23:59,239.26
9/15/15 23:59,229.3
9/16/15 23:59,226.02
9/18/15 23:59,232.47
9/19/15 23:59,232.47
9/24/15 23:59,231.12
9/26/15 23:59,236.61
9/30/15 23:59,236.01
10/1/15 23:59,236.59
10/2/15 23:59,237.23
10/3/15 23:59,237.23
10/4/15 23:59,237.23
10/5/15 23:59,237.92
10/9/15 23:59,243.7
10/10/15 23:59,243.51
10/11/15 23:59,245.19
10/14/15 23:59,248.44
10/15/15 23:59,254.7
10/17/15 23:59,270.15
10/18/15 23:59,270.15
10/20/15 23:59,266.4
10/22/15 23:59,277.4
10/23/15 23:59,277.4
10/25/15 23:59,288
10/27/15 23:59,290.33
10/28/15 23:59,301.27
10/30/15 23:59,321.03
10/31/15 23:59,324.56
11/1/15 23:59,319.01
11/2/15 23:59,335.33
11/3/15 23:59,377.86
11/4/15 23:59,472.3
11/5/15 23:59,386.32
11/6/15 23:59,371.95
11/7/15 23:59,386.09
11/8/15 23:59,384.97
11/9/15 23:59,382.71
11/10/15 23:59,373.48
11/11/15 23:59,317
11/12/15 23:59,336.55
11/13/15 23:59,328.82
11/14/15 23:59,331.66
11/15/15 23:59,333.44
11/16/15 23:59,317.86
11/18/15 23:59,333.39
11/20/15 23:59,321.9
11/22/15 23:59,322.42
11/24/15 23:59,322.19
11/26/15 23:59,354.11
11/27/15 23:59,354.11
11/28/15 23:59,354.11
11/29/15 23:59,363.61
11/30/15 23:59,378.49
12/1/15 23:59,362.14
12/6/15 23:59,392.35
12/7/15 23:59,394.06
12/8/15 23:59,394.06
12/9/15 23:59,423.52
12/10/15 23:59,423.52
12/11/15 23:59,433.73
12/13/15 23:59,436
12/14/15 23:59,442.78
12/15/15 23:59,454.01
12/16/15 23:59,459
12/17/15 23:59,457.7
12/18/15 23:59,458.39
12/19/15 23:59,464.67
12/20/15 23:59,464.67
12/21/15 23:59,445.94
12/22/15 23:59,440.46
12/23/15 23:59,442.14
12/24/15 23:59,456.56
12/25/15 23:59,451.54
12/27/15 23:59,424.21
12/28/15 23:59,425.01
12/29/15 23:59,423.3
12/30/15 23:59,431.18
1/1/16 23:59,427.22
1/3/16 23:59,433.19
1/4/16 23:59,433.19
1/5/16 23:59,433.19
1/6/16 23:59,430.48
1/7/16 23:59,450.15
1/9/16 23:59,449.98
1/10/16 23:59,442.32
1/11/16 23:59,442.32
1/12/16 23:59,444.84
1/13/16 23:59,429.05
1/15/16 23:59,403.97
1/16/16 23:59,369.23
1/17/16 23:59,378.72
1/18/16 23:59,382.51
1/19/16 23:59,384.99
1/20/16 23:59,377.18
1/21/16 23:59,415.02
1/22/16 23:59,391.24
1/24/16 23:59,399.55
1/26/16 23:59,393.86
1/27/16 23:59,394.12
1/28/16 23:59,382.08
1/29/16 23:59,381.59
1/31/16 23:59,381.59
2/1/16 23:59,381.59
2/2/16 23:59,381.59
2/3/16 23:59,371.07
2/4/16 23:59,372.96
2/6/16 23:59,376.08
2/8/16 23:59,377.86
2/9/16 23:59,377.86
2/10/16 23:59,377.86
2/11/16 23:59,379.6
2/12/16 23:59,380.65
2/13/16 23:59,380.65
2/14/16 23:59,380.65
2/15/16 23:59,397.92
2/17/16 23:59,412.75
2/18/16 23:59,423.69
2/19/16 23:59,418.79
2/20/16 23:59,429.83
2/21/16 23:59,447.7
2/22/16 23:59,436.8
2/23/16 23:59,422.93
2/25/16 23:59,423.52
2/26/16 23:59,423.52
2/28/16 23:59,425.52
2/29/16 23:59,435.87
3/1/16 23:59,435.87
3/2/16 23:59,432.69
3/3/16 23:59,420.97
3/4/16 23:59,417.95
3/5/16 23:59,406.36
3/7/16 23:59,411.58
3/9/16 23:59,411.15
3/10/16 23:59,411.36
3/12/16 23:59,420.31
3/13/16 23:59,420.31
3/14/16 23:59,413.76
3/15/16 23:59,416.5
3/16/16 23:59,416.5
3/18/16 23:59,414.59
3/19/16 23:59,414.59
3/20/16 23:59,414.59
3/21/16 23:59,408.53
3/22/16 23:59,408.53
3/23/16 23:59,415.9
3/30/16 23:59,412.95
3/31/16 23:59,414.53
4/1/16 23:59,415.58
4/2/16 23:59,418.82
4/3/16 23:59,417.61
4/4/16 23:59,417.68
4/5/16 23:59,421.83
4/7/16 23:59,419.77
4/8/16 23:59,419.77
4/9/16 23:59,417.05
4/10/16 23:59,420.26
4/11/16 23:59,419.42
4/12/16 23:59,425.09
4/13/16 23:59,424.46
4/14/16 23:59,424.61
4/15/16 23:59,427.98
4/16/16 23:59,427.98
4/17/16 23:59,428.42
4/18/16 23:59,427.17
4/19/16 23:59,427.17
4/20/16 23:59,437.05
4/21/16 23:59,442.78
4/23/16 23:59,447.76
4/26/16 23:59,464.29
4/28/16 23:59,445.5
4/29/16 23:59,450
4/30/16 23:59,453.79
5/2/16 23:59,443.99
5/4/16 23:59,448
5/5/16 23:59,445.99
5/10/16 23:59,452
5/12/16 23:59,452.48
5/14/16 23:59,452.48
5/15/16 23:59,456.13
5/16/16 23:59,457.05
5/17/16 23:59,453.64
5/19/16 23:59,454.83
5/22/16 23:59,442.63
5/24/16 23:59,441.8
5/27/16 23:59,473.73
5/28/16 23:59,473.73
5/30/16 23:59,531.27
5/31/16 23:59,543
6/1/16 23:59,543
6/3/16 23:59,551.8
6/4/16 23:59,575.5
6/7/16 23:59,582.66
6/11/16 23:59,581.67
6/12/16 23:59,643
6/13/16 23:59,694.78
6/15/16 23:59,680.56
6/16/16 23:59,734.36
6/18/16 23:59,751.97
6/19/16 23:59,751.97
6/22/16 23:59,660
6/24/16 23:59,592.99
6/26/16 23:59,645.06
6/27/16 23:59,645.06
6/28/16 23:59,649.4
6/29/16 23:59,634.49
6/30/16 23:59,649.2
7/2/16 23:59,677.99
7/3/16 23:59,677.99
7/4/16 23:59,667.34
7/7/16 23:59,644.86
7/8/16 23:59,640
7/9/16 23:59,648.52
7/11/16 23:59,646.31
7/12/16 23:59,653.5
7/13/16 23:59,665
7/14/16 23:59,660
7/15/16 23:59,664
7/19/16 23:59,672.5
7/21/16 23:59,661.66
7/27/16 23:59,652
7/29/16 23:59,653.01
8/1/16 23:59,634.44
8/2/16 23:59,601.77
8/4/16 23:59,573.63
8/5/16 23:59,573.63
8/7/16 23:59,594.83
8/13/16 23:59,587.82
8/14/16 23:59,587.82
8/15/16 23:59,587.82
8/16/16 23:59,567.59
8/17/16 23:59,567.59
8/19/16 23:59,567.59
8/20/16 23:59,567.59
8/21/16 23:59,567.59
8/22/16 23:59,567.59
8/24/16 23:59,580.22
8/25/16 23:59,580.22
8/27/16 23:59,574.61
8/30/16 23:59,575.68
9/5/16 23:59,596.02
9/8/16 23:59,627.15
9/9/16 23:59,619.29
9/11/16 23:59,622.4
9/13/16 23:59,606.38
9/15/16 23:59,608.5
9/16/16 23:59,608.22
9/17/16 23:59,608.22
9/18/16 23:59,606.57
9/19/16 23:59,608
9/20/16 23:59,607.53
9/22/16 23:59,596.08
9/23/16 23:59,596.08
9/26/16 23:59,604.84
9/27/16 23:59,603.06
9/28/16 23:59,603.06
9/30/16 23:59,604.94
10/4/16 23:59,609.41
10/5/16 23:59,609.41
10/8/16 23:59,609.41
10/10/16 23:59,610.93
10/12/16 23:59,636.53
10/15/16 23:59,639.98
10/16/16 23:59,639.03
10/17/16 23:59,635
10/19/16 23:59,633
10/21/16 23:59,628.5
10/22/16 23:59,635.46
10/23/16 23:59,635.46
10/25/16 23:59,650
10/28/16 23:59,650
10/29/16 23:59,650
11/2/16 23:59,724.97
11/3/16 23:59,742.99
11/5/16 23:59,703.14
11/6/16 23:59,711.12
11/8/16 23:59,702.99
11/11/16 23:59,715.97
11/14/16 23:59,700.37
11/15/16 23:59,711.32
11/16/16 23:59,714.46
11/17/16 23:59,714.46
11/21/16 23:59,748.21
11/22/16 23:59,738.91
11/23/16 23:59,740.37
11/26/16 23:59,727.01
11/27/16 23:59,728.58
11/29/16 23:59,730.23
12/1/16 23:59,746
12/3/16 23:59,760.04
12/4/16 23:59,760.04
12/10/16 23:59,771.98
12/11/16 23:59,771.98
12/13/16 23:59,777.51
12/15/16 23:59,778.22
12/17/16 23:59,785.19
12/18/16 23:59,790.51
12/20/16 23:59,790.51
12/22/16 23:59,861.75
12/23/16 23:59,905.2
12/27/16 23:59,918.07
12/28/16 23:59,956.98
12/29/16 23:59,956.98
12/31/16 23:59,951.41
1/1/17 23:59,974.16
1/2/17 23:59,974.16
1/3/17 23:59,974.16
1/4/17 23:59,1079.31
1/5/17 23:59,1094.94
1/6/17 23:59,889.99
1/7/17 23:59,874.01
1/8/17 23:59,923.39
1/9/17 23:59,906.5
1/10/17 23:59,899.58
1/11/17 23:59,832
1/12/17 23:59,770
1/13/17 23:59,802.22
1/14/17 23:59,834.6
1/15/17 23:59,816.99
1/16/17 23:59,821.87
1/17/17 23:59,882
1/18/17 23:59,897.68
1/19/17 23:59,887.68
1/20/17 23:59,887.61
1/22/17 23:59,921.7
1/23/17 23:59,921.21
1/24/17 23:59,906.93
1/27/17 23:59,917.52
1/28/17 23:59,916.98
1/29/17 23:59,916.98
1/30/17 23:59,916.98
1/31/17 23:59,938.04
2/1/17 23:59,938.04
2/3/17 23:59,1002.24
2/4/17 23:59,1010.61
2/5/17 23:59,1010.61
2/6/17 23:59,1021.59
2/7/17 23:59,1021.59
2/9/17 23:59,1065.13
2/10/17 23:59,976
2/11/17 23:59,976
2/12/17 23:59,976
2/14/17 23:59,1011.1
2/15/17 23:59,1011.1
2/16/17 23:59,1023.99
2/17/17 23:59,1023.99
2/19/17 23:59,1062.82
2/20/17 23:59,1055.59
2/22/17 23:59,1118.9
2/23/17 23:59,1147
2/24/17 23:59,1162.66
2/25/17 23:59,1179.19
2/26/17 23:59,1171.1
2/27/17 23:59,1171.1
2/28/17 23:59,1183.98
3/1/17 23:59,1203.02
3/2/17 23:59,1203.02
3/3/17 23:59,1290.41
3/4/17 23:59,1290.41
3/5/17 23:59,1249.99
3/6/17 23:59,1277.66
3/8/17 23:59,1211.03
3/9/17 23:59,1165.32
3/11/17 23:59,1181.55
3/13/17 23:59,1237
3/14/17 23:59,1243
3/15/17 23:59,1254.98
3/16/17 23:59,1227.38
3/17/17 23:59,1148.82
3/18/17 23:59,1087.72
3/19/17 23:59,988.68
3/21/17 23:59,1081.7
3/22/17 23:59,1081.7
3/23/17 23:59,1042.3
3/24/17 23:59,988
3/25/17 23:59,903.22
3/26/17 23:59,903.22
3/27/17 23:59,994
3/28/17 23:59,1057.74
3/29/17 23:59,1051.69
3/30/17 23:59,1033.66
3/31/17 23:59,1044
4/1/17 23:59,1092.24
4/2/17 23:59,1078.18
4/3/17 23:59,1132.5
4/4/17 23:59,1144.45
4/5/17 23:59,1126.55
4/6/17 23:59,1176.46
4/7/17 23:59,1176.46
4/10/17 23:59,1175
4/11/17 23:59,1175
4/14/17 23:59,1159.75
4/16/17 23:59,1165.76
4/17/17 23:59,1165.76
4/18/17 23:59,1208.2
4/19/17 23:59,1201.71
4/20/17 23:59,1219.16
4/21/17 23:59,1250.93
4/22/17 23:59,1233.47
4/23/17 23:59,1233.47
4/24/17 23:59,1241.98
4/25/17 23:59,1270.71
4/26/17 23:59,1282.52
4/27/17 23:59,1303.44
4/28/17 23:59,1311.23
4/30/17 23:59,1329.99
5/1/17 23:59,1361.97
5/2/17 23:59,1462.07
5/3/17 23:59,1477.98
5/5/17 23:59,1566.11
5/6/17 23:59,1564.08
5/7/17 23:59,1534.06
5/8/17 23:59,1570
5/9/17 23:59,1731.01
5/10/17 23:59,1740
5/12/17 23:59,1815.63
5/14/17 23:59,1788.01
5/15/17 23:59,1758.81
5/16/17 23:59,1720
5/17/17 23:59,1789.12
5/18/17 23:59,1794.71
5/19/17 23:59,1920.69
5/20/17 23:59,1947.82
5/21/17 23:59,2060.68
5/22/17 23:59,2094.97
5/23/17 23:59,2198.29
5/24/17 23:59,2379.2
5/25/17 23:59,2705.23
5/26/17 23:59,2548.7
5/27/17 23:59,2014.01
5/28/17 23:59,2247
5/29/17 23:59,2244.08
5/30/17 23:59,2316.34
5/31/17 23:59,2251.85
6/1/17 23:59,2422.02
6/2/17 23:59,2429.74
6/3/17 23:59,2524.53
6/4/17 23:59,2543.23
6/5/17 23:59,2593
6/6/17 23:59,2876.28
6/7/17 23:59,2854.03
6/8/17 23:59,2782.4
6/9/17 23:59,2814.21
6/10/17 23:59,2878.9
6/11/17 23:59,2874.59
6/12/17 23:59,2721.99
6/13/17 23:59,2703.97
6/14/17 23:59,2733.83
6/15/17 23:59,2304.44
6/16/17 23:59,2452.99
6/17/17 23:59,2569.84
6/18/17 23:59,2564.73
6/19/17 23:59,2527.67
6/20/17 23:59,2619.98
6/21/17 23:59,2722.28
6/22/17 23:59,2679.99
6/23/17 23:59,2719.9
6/24/17 23:59,2716.8
6/26/17 23:59,2510
6/27/17 23:59,2402.99
6/29/17 23:59,2530.49
6/30/17 23:59,2562.86
7/1/17 23:59,2500
7/2/17 23:59,2435.6
7/3/17 23:59,2435.6
7/4/17 23:59,2611.08
7/5/17 23:59,2555.25
7/6/17 23:59,2589.98
7/7/17 23:59,2543.73
7/8/17 23:59,2509.35
7/10/17 23:59,2497
7/11/17 23:59,2347.99
7/12/17 23:59,2379.62
7/13/17 23:59,2396.59
7/14/17 23:59,2337
7/15/17 23:59,2045.76
7/16/17 23:59,1881.86
7/17/17 23:59,2015.27
7/18/17 23:59,2299.99
7/20/17 23:59,2471.26
7/21/17 23:59,2735.99
7/22/17 23:59,2830
7/23/17 23:59,2685.84
7/24/17 23:59,2759.5
7/26/17 23:59,2541
7/27/17 23:59,2577.07
7/28/17 23:59,2822.3
7/29/17 23:59,2666.34
7/30/17 23:59,2646.74
7/31/17 23:59,2764.71
8/1/17 23:59,2753.79
8/2/17 23:59,2753.03
8/3/17 23:59,2740.97
8/4/17 23:59,2855.89
8/5/17 23:59,3152.69
8/6/17 23:59,3188.66
8/7/17 23:59,3358.01
8/8/17 23:59,3440.32
8/9/17 23:59,3311.41
8/10/17 23:59,3403.88
8/11/17 23:59,3480
8/12/17 23:59,3748.52
8/13/17 23:59,3926.27
8/14/17 23:59,4147
8/15/17 23:59,4106
8/16/17 23:59,4082
8/17/17 23:59,4425
8/18/17 23:59,4313.45
8/19/17 23:59,3946.31
8/20/17 23:59,4043.49
8/21/17 23:59,4042.01
8/22/17 23:59,3898.24
8/23/17 23:59,4220.32
8/24/17 23:59,4164.56
8/25/17 23:59,4345.91
8/26/17 23:59,4307.6
8/27/17 23:59,4334.03
8/28/17 23:59,4318.95
8/29/17 23:59,4373.17
8/30/17 23:59,4526.8
8/31/17 23:59,4674
9/1/17 23:59,4807.14
9/2/17 23:59,4694.34
9/3/17 23:59,4566.07
9/4/17 23:59,4288.07
9/5/17 23:59,4300
9/6/17 23:59,4572.77
9/7/17 23:59,4600.89
9/8/17 23:59,4629
9/9/17 23:59,4358.79
9/10/17 23:59,4100.82
9/12/17 23:59,4339
9/13/17 23:59,3831.03
9/14/17 23:59,3605
9/15/17 23:59,3020.9
9/16/17 23:59,3659
9/17/17 23:59,3549
9/18/17 23:59,3938
9/19/17 23:59,3994.47
9/20/17 23:59,3911.56
9/21/17 23:59,3866.96
9/22/17 23:59,3570.59
9/23/17 23:59,3787.94
9/24/17 23:59,3682.86
9/25/17 23:59,3754
9/26/17 23:59,3943
9/27/17 23:59,4063.01
9/28/17 23:59,4198.97
9/29/17 23:59,4204.85
9/30/17 23:59,4278.58
10/1/17 23:59,4291.97
10/2/17 23:59,4383.19
10/3/17 23:59,4309
10/4/17 23:59,4236.26
10/5/17 23:59,4241.99
10/6/17 23:59,4399.76
10/7/17 23:59,4324.28
10/8/17 23:59,4451.36
10/9/17 23:59,4583.58
10/10/17 23:59,4800.45
10/11/17 23:59,4789.09
10/12/17 23:59,5198.14
10/13/17 23:59,5629.39
10/14/17 23:59,5688.86
10/15/17 23:59,5428.52
10/16/17 23:59,5730
10/17/17 23:59,5567.58
10/18/17 23:59,5308.99
10/19/17 23:59,5702.4
10/20/17 23:59,5652.72
10/21/17 23:59,6109
10/22/17 23:59,5810.94
10/23/17 23:59,5885.01
10/24/17 23:59,5720
10/25/17 23:59,5527.32
10/26/17 23:59,5862
10/27/17 23:59,5839.99
10/28/17 23:59,5699.72
10/29/17 23:59,5805
10/30/17 23:59,6162.71
10/31/17 23:59,6209.99
11/1/17 23:59,6565.65
11/2/17 23:59,6950
11/3/17 23:59,7285.74
11/4/17 23:59,7124.82
11/5/17 23:59,7540
11/6/17 23:59,7349
11/7/17 23:59,7193.41
11/8/17 23:59,7479.88
11/9/17 23:59,7149.77
11/10/17 23:59,6935
11/11/17 23:59,6570
11/12/17 23:59,6379.51
11/13/17 23:59,6585.03
11/14/17 23:59,6562.72
11/15/17 23:59,7043.05
11/16/17 23:59,7411
11/17/17 23:59,7837.21
11/18/17 23:59,7734.94
11/19/17 23:59,7732.3
11/20/17 23:59,8027.25
11/21/17 23:59,8193.08
11/22/17 23:59,8275
11/23/17 23:59,8153.1
11/25/17 23:59,8420.98
11/26/17 23:59,8914
11/27/17 23:59,9595.64
11/28/17 23:59,9899.99
11/29/17 23:59,10744.99
11/30/17 23:59,9900.41
12/1/17 23:59,9979.97
12/2/17 23:59,10888.66
12/3/17 23:59,11570
12/4/17 23:59,11159.93
12/5/17 23:59,11650.46
12/6/17 23:59,12653.94
12/7/17 23:59,14596.45
12/8/17 23:59,14614
12/9/17 23:59,14892.97
12/10/17 23:59,13490
12/11/17 23:59,16455.06
12/12/17 23:59,16660.32
12/13/17 23:59,16558.99
12/14/17 23:59,16500.01
12/15/17 23:59,16500.01
12/16/17 23:59,17989.86
12/17/17 23:59,19534
12/18/17 23:59,19139.93
12/19/17 23:59,17922
12/20/17 23:59,17590
12/21/17 23:59,16666.67
12/22/17 23:59,13740
12/23/17 23:59,15189.46
12/24/17 23:59,12999.27
12/25/17 23:59,14329
12/26/17 23:59,14978
12/27/17 23:59,15633.11
12/28/17 23:59,13906.98
12/29/17 23:59,14239.58
12/30/17 23:59,13548.5
12/31/17 23:59,13175.33
1/1/18 23:59,13314.9
1/2/18 23:59,13588
1/3/18 23:59,14914
1/4/18 23:59,14594.42
1/5/18 23:59,16036.1
1/6/18 23:59,16483.37
1/7/18 23:59,16679
1/8/18 23:59,15430
1/9/18 23:59,14799.99
1/10/18 23:59,14064.34
1/11/18 23:59,13461.8
1/12/18 23:59,14060.31
1/13/18 23:59,14234.95
1/14/18 23:59,13570
1/15/18 23:59,13699.99
1/16/18 23:59,12284.38
1/17/18 23:59,10002.18
1/18/18 23:59,11600.17
1/19/18 23:59,11830
1/20/18 23:59,12423
1/21/18 23:59,12100
1/22/18 23:59,11470.95
1/23/18 23:59,10002.53
1/24/18 23:59,11000.01
1/25/18 23:59,11229.7
1/26/18 23:59,10513.19
1/27/18 23:59,10950
1/28/18 23:59,11780
1/29/18 23:59,11049
1/30/18 23:59,10900.24
1/31/18 23:59,10233.24
2/1/18 23:59,9531.99
2/2/18 23:59,7990.55
2/3/18 23:59,8941.12
2/4/18 23:59,8800.63
2/5/18 23:59,7539.47
2/6/18 23:59,6310
2/7/18 23:59,8313
2/8/18 23:59,8498.91
2/9/18 23:59,8290.65
2/10/18 23:59,8675.3
2/11/18 23:59,8179.12
2/12/18 23:59,8704
2/13/18 23:59,8548
2/14/18 23:59,8900.16
2/15/18 23:59,9618.45
2/16/18 23:59,9849.39
2/17/18 23:59,10785
2/18/18 23:59,10651.76
2/19/18 23:59,10950
2/20/18 23:59,11412.86
2/21/18 23:59,10995
2/22/18 23:59,10288.87
2/23/18 23:59,10187.95
2/24/18 23:59,9813.64
2/25/18 23:59,9633.01
2/26/18 23:59,9748.46
2/27/18 23:59,10730
2/28/18 23:59,10564.67
3/1/18 23:59,10693.98
3/2/18 23:59,10921.66
3/3/18 23:59,11266.21
3/4/18 23:59,11163.39
3/5/18 23:59,11510.35
3/6/18 23:59,10923.74
3/7/18 23:59,10609.3
3/8/18 23:59,10003.82
3/9/18 23:59,8927.99
3/10/18 23:59,9370.7
3/11/18 23:59,8918.48
3/12/18 23:59,9770
3/13/18 23:59,9034
3/14/18 23:59,8690
3/15/18 23:59,8248.29
3/16/18 23:59,8197.17
3/17/18 23:59,8287.97
3/18/18 23:59,7765.18
3/19/18 23:59,8329.55
3/20/18 23:59,8514
3/21/18 23:59,9092.11
3/22/18 23:59,8698.77
3/23/18 23:59,8480.4
3/24/18 23:59,8730
3/25/18 23:59,8400.02
3/26/18 23:59,8128.97
3/27/18 23:59,7923.35
3/28/18 23:59,8018.94
3/29/18 23:59,7471.63
3/30/18 23:59,7021.64
3/31/18 23:59,7109.57
4/1/18 23:59,6695.19
4/2/18 23:59,7055.63
4/3/18 23:59,7315.27
4/4/18 23:59,7042.99
4/5/18 23:59,6806.61
4/6/18 23:59,6615.62
4/7/18 23:59,6864.65
4/8/18 23:59,7020.96
4/9/18 23:59,6755.75
4/10/18 23:59,6742.29
4/11/18 23:59,6865.99
4/12/18 23:59,7732.5
4/13/18 23:59,8118.84
4/14/18 23:59,7981.82
4/15/18 23:59,8359.96
4/16/18 23:59,8085
4/17/18 23:59,8116.38
4/18/18 23:59,8103.7
4/19/18 23:59,8204.79
4/20/18 23:59,8512.98
4/21/18 23:59,8690.3
4/22/18 23:59,8970.13
4/23/18 23:59,8924.99
4/24/18 23:59,9305
4/25/18 23:59,9097.47
4/26/18 23:59,8838.13
4/27/18 23:59,9323.04
4/28/18 23:59,9195.15
4/29/18 23:59,9265.46
4/30/18 23:59,9253.22
5/1/18 23:59,8988.98
5/2/18 23:59,9145.58
5/3/18 23:59,9199.99
5/4/18 23:59,9704.11
5/5/18 23:59,9873.98
5/6/18 23:59,9399.9
5/7/18 23:59,9310.59
5/8/18 23:59,9203.8
5/9/18 23:59,9205.3
5/10/18 23:59,9326.43
5/11/18 23:59,8650
5/12/18 23:59,8564.98
5/13/18 23:59,8545.49
5/14/18 23:59,8432.01
5/15/18 23:59,8767.89
5/16/18 23:59,8403.69
5/17/18 23:59,8295.02
5/18/18 23:59,8123.49
5/19/18 23:59,8272.4
5/20/18 23:59,8343.49
5/21/18 23:59,8485.73
5/22/18 23:59,8238.86
5/23/18 23:59,7856.32
5/24/18 23:59,7373.99
5/25/18 23:59,7466.99
5/26/18 23:59,7538.99
5/27/18 23:59,7339.67
5/28/18 23:59,7232.43
5/29/18 23:59,7420.96
5/30/18 23:59,7499.13
5/31/18 23:59,7547.73
6/1/18 23:59,7499.94
6/2/18 23:59,7646.98
6/3/18 23:59,7706.54
6/4/18 23:59,7523.92
6/5/18 23:59,7432.66
6/6/18 23:59,7612.42
6/7/18 23:59,7686
6/8/18 23:59,7568.73
6/9/18 23:59,7654.48
6/10/18 23:59,7232.99
6/11/18 23:59,6783.75
6/12/18 23:59,6831.5
6/13/18 23:59,6445.86
6/14/18 23:59,6539.27
6/15/18 23:59,6539.4
6/16/18 23:59,6447.96
6/18/18 23:59,6433.13
6/19/18 23:59,6750.03
6/20/18 23:59,6632.56
6/21/18 23:59,6740.49
6/22/18 23:59,6365.41
6/23/18 23:59,6152.37
6/24/18 23:59,5929.4
6/25/18 23:59,6228.49
6/26/18 23:59,6200.95
6/27/18 23:59,6093.06
6/28/18 23:59,6097.25
6/29/18 23:59,5874.04
6/30/18 23:59,6399.96
7/1/18 23:59,6365
7/2/18 23:59,6345.82
7/3/18 23:59,6589.34
7/4/18 23:59,6525.98
7/5/18 23:59,6626.87
7/6/18 23:59,6528.11
7/7/18 23:59,6583.04
7/8/18 23:59,6730
7/9/18 23:59,6719.49
7/10/18 23:59,6362
7/11/18 23:59,6373.38
7/12/18 23:59,6160
7/13/18 23:59,6244.98
7/14/18 23:59,6239.43
7/15/18 23:59,6356.04
7/16/18 23:59,6619.96
7/17/18 23:59,6699.87
7/18/18 23:59,7403.1
7/19/18 23:59,7401.99
7/20/18 23:59,7490.57
7/21/18 23:59,7310.83
7/22/18 23:59,7463.03
7/23/18 23:59,7662.44
7/24/18 23:59,8231.26
7/25/18 23:59,8216.44
7/26/18 23:59,8247.75
7/27/18 23:59,7920
7/28/18 23:59,8176.61
7/29/18 23:59,8152.96
7/30/18 23:59,8144.99
7/31/18 23:59,7987.56
8/1/18 23:59,7555.13
8/2/18 23:59,7570.67
8/3/18 23:59,7360.11
8/4/18 23:59,7416.85
8/5/18 23:59,7031.43
8/6/18 23:59,6977.56
8/7/18 23:59,7088.33
8/8/18 23:59,6503.7
8/9/18 23:59,6325.91
8/10/18 23:59,6354.63
8/11/18 23:59,6112.1
8/12/18 23:59,6325.69
8/13/18 23:59,6447.02
8/15/18 23:59,6345.93
8/16/18 23:59,6428.86
8/17/18 23:59,6475.24
8/18/18 23:59,6499.46
8/19/18 23:59,6421.98
8/20/18 23:59,6455.31
8/21/18 23:59,6440.11
8/22/18 23:59,6656.14
8/23/18 23:59,6405.2
8/24/18 23:59,6549.26
8/25/18 23:59,6697.99
8/26/18 23:59,6700.01
8/27/18 23:59,6702.01
8/28/18 23:59,7028.84
8/29/18 23:59,7073.44
8/30/18 23:59,6870
8/31/18 23:59,6958
9/1/18 23:59,7069.4
9/2/18 23:59,7243.99
9/3/18 23:59,7233.16
9/4/18 23:59,7328.28
9/5/18 23:59,6978.62
9/6/18 23:59,6415.88
9/7/18 23:59,6370.05
9/8/18 23:59,6435.89
9/9/18 23:59,6364.99
9/10/18 23:59,6300.93
9/11/18 23:59,6262
9/12/18 23:59,6239.03
9/13/18 23:59,6239.03
9/14/18 23:59,6469.32
9/15/18 23:59,6519.94
9/16/18 23:59,6503.86
9/18/18 23:59,6279.76
9/19/18 23:59,6285.9
9/20/18 23:59,6415.11
9/21/18 23:59,6739.16
9/22/18 23:59,6671.01
9/23/18 23:59,6742.58
9/25/18 23:59,6379.77
9/26/18 23:59,6506.97
9/27/18 23:59,6485.2
9/29/18 23:59,6576.44
9/30/18 23:59,6601.1
10/1/18 23:59,6563.23
10/2/18 23:59,6544.62
10/3/18 23:59,6454.12
10/4/18 23:59,6529.45
10/5/18 23:59,6540.55
10/6/18 23:59,6543.45
10/7/18 23:59,6512.72
10/9/18 23:59,6582.99
10/10/18 23:59,6500
10/11/18 23:59,6193.83
10/12/18 23:59,6207.31
10/13/18 23:59,6200.35
10/14/18 23:59,6219.99
10/15/18 23:59,6399.35
10/16/18 23:59,6449
10/17/18 23:59,6439.14
10/18/18 23:59,6430.01
10/19/18 23:59,6386.49
10/20/18 23:59,6386.49
10/21/18 23:59,6386.49
10/22/18 23:59,6401.96
10/24/18 23:59,6431.34
10/25/18 23:59,6396.92
10/27/18 23:59,6417.49
10/28/18 23:59,6399.2
10/29/18 23:59,6321.35
10/31/18 23:59,6268.02
11/1/18 23:59,6268.02
11/2/18 23:59,6268.02
11/3/18 23:59,6326.58
11/5/18 23:59,6401.1
11/6/18 23:59,6396.23
11/8/18 23:59,6460.99
11/9/18 23:59,6353.79
11/10/18 23:59,6359.12
11/11/18 23:59,6333
11/12/18 23:59,6358.09
11/13/18 23:59,6282.06
11/14/18 23:59,6207.39
11/15/18 23:59,5392.79
11/16/18 23:59,5546.34
11/17/18 23:59,5494.2
11/18/18 23:59,5519.94
11/19/18 23:59,5252
11/20/18 23:59,4375
11/21/18 23:59,4521.81
11/22/18 23:59,4449.22
11/24/18 23:59,4248
11/25/18 23:59,3774.94
11/26/18 23:59,3932.02
11/27/18 23:59,3659.1
11/29/18 23:59,4370
12/1/18 23:59,4120.18
12/2/18 23:59,4120.18
12/5/18 23:59,3847.01
12/6/18 23:59,3764.06
12/7/18 23:59,3379.64
12/8/18 23:59,3405.33
12/9/18 23:59,3405.33
12/10/18 23:59,3489
12/12/18 23:59,3422.68
12/13/18 23:59,3368.5
12/14/18 23:59,3252.08
12/15/18 23:59,3166.26
12/16/18 23:59,3241.41
12/17/18 23:59,3237.59
12/18/18 23:59,3474.38
12/19/18 23:59,3810.65
12/20/18 23:59,4021.12
12/21/18 23:59,4021
12/22/18 23:59,4021
12/23/18 23:59,4015.29
12/24/18 23:59,4130.37
12/25/18 23:59,3748.94
12/26/18 23:59,3747.2
12/27/18 23:59,3733.49
12/28/18 23:59,3631.36
12/29/18 23:59,3872.26
12/30/18 23:59,3829.62
12/31/18 23:59,3742.3
1/1/19 23:59,3706.73
1/2/19 23:59,3810
1/3/19 23:59,3830.48
1/4/19 23:59,3789.72
1/6/19 23:59,3831.23
1/7/19 23:59,4020
1/8/19 23:59,4033.13
1/9/19 23:59,4034.35
1/10/19 23:59,3786.81
1/11/19 23:59,3635.76
1/12/19 23:59,3610
1/13/19 23:59,3613.24
1/14/19 23:59,3524.19
1/15/19 23:59,3647.83
1/16/19 23:59,3647.83
1/17/19 23:59,3593.95
1/18/19 23:59,3593.95
1/19/19 23:59,3718.38
1/20/19 23:59,3590
1/21/19 23:59,3541.29
1/22/19 23:59,3519.86
1/23/19 23:59,3579.1
1/24/19 23:59,3562.52
1/25/19 23:59,3536.24
1/26/19 23:59,3587.22
1/28/19 23:59,3410.69
1/29/19 23:59,3373.76
1/31/19 23:59,3410.29
2/1/19 23:59,3421.79
2/2/19 23:59,3440.57
2/3/19 23:59,3416.5
2/4/19 23:59,3403.71
2/5/19 23:59,3423.58
2/6/19 23:59,3361.05
2/7/19 23:59,3370
2/8/19 23:59,3391.07
2/9/19 23:59,3623.94
2/10/19 23:59,3623.94
2/11/19 23:59,3585.2
2/13/19 23:59,3574.58
2/14/19 23:59,3553.69
2/15/19 23:59,3572.7
2/16/19 23:59,3572.7
2/17/19 23:59,3583.79
2/18/19 23:59,3705.2
2/19/19 23:59,3874.89
2/20/19 23:59,3925.17
2/21/19 23:59,3891.11
2/22/19 23:59,3924.8
2/23/19 23:59,3940.77
2/24/19 23:59,4127.68
2/25/19 23:59,3778.33
2/26/19 23:59,3792.97
2/27/19 23:59,3814.02
3/1/19 23:59,3810.9
3/2/19 23:59,3812.09
3/3/19 23:59,3805.89
3/4/19 23:59,3709.14
3/5/19 23:59,3724.06
3/6/19 23:59,3844.28
3/7/19 23:59,3851.58
3/8/19 23:59,3876.61
3/9/19 23:59,3892.7
3/10/19 23:59,3894.57
3/11/19 23:59,3857.54
3/12/19 23:59,3863.58
3/13/19 23:59,3841.22
3/14/19 23:59,3845.24
3/16/19 23:59,4005.19
3/17/19 23:59,3964.99
3/18/19 23:59,3954.52
3/19/19 23:59,3966.92
3/20/19 23:59,3993.9
3/21/19 23:59,4034.28
3/22/19 23:59,3980.8
3/23/19 23:59,3982.06
3/24/19 23:59,3972.21
3/25/19 23:59,3971.1
3/26/19 23:59,3896.15
3/27/19 23:59,4027.9
3/29/19 23:59,4096.28
3/30/19 23:59,4079.57
4/1/19 23:59,4115.67
4/2/19 23:59,4780.81
4/3/19 23:59,4966.6
4/4/19 23:59,4985.94
4/5/19 23:59,5000
4/6/19 23:59,5000
4/7/19 23:59,5105.16
4/8/19 23:59,5134.69
4/9/19 23:59,5202.59
4/10/19 23:59,5245.12
4/11/19 23:59,5050.73
4/12/19 23:59,5079.28
4/13/19 23:59,5055.74
4/14/19 23:59,5066.59
4/15/19 23:59,5142.27
4/16/19 23:59,5067.66
4/17/19 23:59,5242.89
4/19/19 23:59,5262.58
4/20/19 23:59,5308.9
4/21/19 23:59,5263.09
4/22/19 23:59,5306.71
4/23/19 23:59,5557.01
4/24/19 23:59,5450
4/25/19 23:59,5456.8
4/26/19 23:59,5155.42
4/27/19 23:59,5159.89
4/28/19 23:59,5209.14
4/29/19 23:59,5155.48
4/30/19 23:59,5192.55
5/1/19 23:59,5316.28
5/2/19 23:59,5368
5/3/19 23:59,5714.19
5/4/19 23:59,5721.8
5/5/19 23:59,5711
5/6/19 23:59,5638.91
5/7/19 23:59,5888.55
5/8/19 23:59,5847.03
5/9/19 23:59,6029.97
5/10/19 23:59,6276.71
5/11/19 23:59,6803.28
5/12/19 23:59,7064.86
5/13/19 23:59,7294.39
5/14/19 23:59,8052.18
5/15/19 23:59,8014.26
5/16/19 23:59,7909.76
5/17/19 23:59,7103.36
5/18/19 23:59,7334.59
5/19/19 23:59,8030.22
5/20/19 23:59,7876.62
5/21/19 23:59,7840.86
5/22/19 23:59,7833.76
5/23/19 23:59,7615.03
5/24/19 23:59,8032.35
5/25/19 23:59,8099.03
5/26/19 23:59,7925.02
5/27/19 23:59,8727.03
5/28/19 23:59,8740.31
5/29/19 23:59,8624.21
5/30/19 23:59,8721.01
5/31/19 23:59,8217.25
6/1/19 23:59,8577.66
6/2/19 23:59,8735.94
6/3/19 23:59,8481.29
6/4/19 23:59,7898.41
6/5/19 23:59,7793.71
6/6/19 23:59,7839.95
6/7/19 23:59,7920.44
6/8/19 23:59,7985.32
6/9/19 23:59,7885.7
6/10/19 23:59,7959.93
6/11/19 23:59,7762.77
6/12/19 23:59,8030.4
6/13/19 23:59,8111.59
6/14/19 23:59,8285.5
6/15/19 23:59,8669.79
6/16/19 23:59,9112.91
6/17/19 23:59,9307
6/18/19 23:59,9179.61
6/19/19 23:59,9128.91
6/20/19 23:59,9279.55
6/21/19 23:59,9807.46
6/22/19 23:59,10860.41
6/23/19 23:59,10597.4
6/24/19 23:59,10853.36
6/25/19 23:59,11350.03
6/26/19 23:59,12638.11
6/27/19 23:59,12021.08
6/28/19 23:59,11929.02
6/29/19 23:59,11889.69
6/30/19 23:59,11530.01
7/1/19 23:59,10941.3
7/2/19 23:59,10077.71
7/3/19 23:59,11175.76
7/4/19 23:59,11732.34
7/5/19 23:59,11246.4
7/6/19 23:59,11375.77
7/7/19 23:59,11319.45
7/8/19 23:59,11937.17
7/9/19 23:59,12309.84
7/10/19 23:59,13069.36
7/11/19 23:59,11565.35
7/12/19 23:59,11693.19
7/13/19 23:59,11207
7/14/19 23:59,10640.87
7/15/19 23:59,10337.74
7/16/19 23:59,10725.39
7/17/19 23:59,9217.95
7/18/19 23:59,9803.56
7/19/19 23:59,10315.88
7/20/19 23:59,10627.69
7/21/19 23:59,10564.32
7/22/19 23:59,10562.22
7/23/19 23:59,10012.91
7/24/19 23:59,9698.74
7/25/19 23:59,10099.45
7/26/19 23:59,9812.31
7/27/19 23:59,9488.97
7/28/19 23:59,9495.36
7/29/19 23:59,9465.15
7/30/19 23:59,9539.87
7/31/19 23:59,9770.58
8/1/19 23:59,9979
8/2/19 23:59,10499.37
8/4/19 23:59,10689.42
8/5/19 23:59,11782.91
8/6/19 23:59,11781.7
8/7/19 23:59,11684.38
8/8/19 23:59,11840.3
8/9/19 23:59,11724.02
8/10/19 23:59,11359.99
8/11/19 23:59,11394
8/12/19 23:59,11301.93
8/13/19 23:59,11250.67
8/14/19 23:59,10518.85
8/15/19 23:59,10154.35
8/16/19 23:59,10203.65
8/17/19 23:59,10203.65
8/18/19 23:59,10373
8/19/19 23:59,10784.35
8/20/19 23:59,10673
8/21/19 23:59,10157.44
8/22/19 23:59,9940.13
8/23/19 23:59,10160.47
8/24/19 23:59,10018.8
8/25/19 23:59,10133.68
8/26/19 23:59,10354.41
8/27/19 23:59,10126.57
8/28/19 23:59,10145.5
8/29/19 23:59,9441.83
8/30/19 23:59,9584.69
9/1/19 23:59,9590.42
9/2/19 23:59,9843.2
9/3/19 23:59,10411.26
9/4/19 23:59,10511.31
9/5/19 23:59,10582.43
9/6/19 23:59,10874
9/7/19 23:59,10409.34
9/8/19 23:59,10388.95
9/9/19 23:59,10400.2
9/10/19 23:59,10253.99
9/11/19 23:59,10061.76
9/12/19 23:59,10163.94
9/13/19 23:59,10313.84
9/15/19 23:59,10312.51
9/16/19 23:59,10301
9/17/19 23:59,10165.15
9/18/19 23:59,10161.82
9/19/19 23:59,9837.19
9/20/19 23:59,10148.07
9/21/19 23:59,10047.43
9/22/19 23:59,10005.26
9/23/19 23:59,9906.05
9/24/19 23:59,9704.89
9/25/19 23:59,8330.18
9/26/19 23:59,8415.45
9/27/19 23:59,7990
9/28/19 23:59,8158.84
9/29/19 23:59,8076.5
9/30/19 23:59,8032.93
10/1/19 23:59,8358.28
10/3/19 23:59,8217.79
10/4/19 23:59,8138.65
10/5/19 23:59,8109.08
10/6/19 23:59,7957.39
10/7/19 23:59,8007.65
10/8/19 23:59,8178.09
10/9/19 23:59,8189.68
10/10/19 23:59,8555.77
10/11/19 23:59,8319.04
10/12/19 23:59,8325.62
10/13/19 23:59,8353.76
10/14/19 23:59,8293.87
10/15/19 23:59,8287.4
10/16/19 23:59,8057.54
10/17/19 23:59,8079.4
10/18/19 23:59,7912.47
10/19/19 23:59,7958.32
10/20/19 23:59,7937.25
10/21/19 23:59,8240.01
10/22/19 23:59,8271.47
10/23/19 23:59,7965
10/24/19 23:59,7438.2
10/25/19 23:59,7591.82
10/26/19 23:59,9202.34
10/27/19 23:59,9288
10/28/19 23:59,9396.6
10/29/19 23:59,9432
10/30/19 23:59,9088.5
10/31/19 23:59,9106.31
11/1/19 23:59,9176.02
11/2/19 23:59,9262.08
11/3/19 23:59,9174.71
11/4/19 23:59,9254.13
11/5/19 23:59,9281.23
11/6/19 23:59,9395.14
11/7/19 23:59,9196.01
11/8/19 23:59,9015
11/9/19 23:59,8809.27
11/10/19 23:59,8833.21
11/11/19 23:59,8730.09
11/12/19 23:59,8739.87
11/13/19 23:59,8759.26
11/15/19 23:59,8622.13
11/16/19 23:59,8462.27
11/17/19 23:59,8462.27
11/18/19 23:59,8423
11/19/19 23:59,8041.32
11/20/19 23:59,8073.21
11/21/19 23:59,7866.15
11/22/19 23:59,7072.18
11/23/19 23:59,7210.42
11/24/19 23:59,7199.71
11/25/19 23:59,6881.39
11/26/19 23:59,7120.94
11/27/19 23:59,7097.79
11/28/19 23:59,7480
11/29/19 23:59,7560.61
11/30/19 23:59,7675.42
12/1/19 23:59,7335.93
12/2/19 23:59,7291.16
12/3/19 23:59,7254.99
12/4/19 23:59,7206.42
12/5/19 23:59,7373.61
12/6/19 23:59,7351.49
12/7/19 23:59,7351.49
12/8/19 23:59,7529.39
12/9/19 23:59,7477.19
12/10/19 23:59,7348.47
12/11/19 23:59,7233.95
12/12/19 23:59,7170.77
12/13/19 23:59,7232.56
12/14/19 23:59,7182.86
12/15/19 23:59,7091.36
12/16/19 23:59,7089.62
12/17/19 23:59,6908.09
12/18/19 23:59,6607.97
12/19/19 23:59,7164.53
12/20/19 23:59,7140
12/21/19 23:59,7155.17
12/22/19 23:59,7166.16
12/23/19 23:59,7548.99
12/24/19 23:59,7366.01
12/25/19 23:59,7208.69
12/26/19 23:59,7181.73
12/27/19 23:59,7133.65
12/28/19 23:59,7284.59
12/29/19 23:59,7326
12/30/19 23:59,7298.62
12/31/19 23:59,7222.11
1/1/20 23:59,7171.68
1/2/20 23:59,7129.2
1/3/20 23:59,7303.24
1/4/20 23:59,7326.11
1/5/20 23:59,7425.17
1/6/20 23:59,7540.13
1/7/20 23:59,7958.02
1/8/20 23:59,8343.05
1/9/20 23:59,7864.6
1/10/20 23:59,7805
1/11/20 23:59,8046.61
1/12/20 23:59,8112.31
1/13/20 23:59,8094.77
1/14/20 23:59,8518.36
1/15/20 23:59,8735
1/16/20 23:59,8682
1/17/20 23:59,8884.28
1/18/20 23:59,8856.87
1/19/20 23:59,8658.87
1/20/20 23:59,8620.52
1/21/20 23:59,8628.58
1/22/20 23:59,8638.47
1/23/20 23:59,8424.04
1/24/20 23:59,8354.69
1/25/20 23:59,8293.98
1/26/20 23:59,8427.78
1/27/20 23:59,8697.57
1/28/20 23:59,9044.03
1/29/20 23:59,9249.12
1/30/20 23:59,9339.04
1/31/20 23:59,9315
2/1/20 23:59,9328.86
2/2/20 23:59,9413.75
2/3/20 23:59,9335.98
2/4/20 23:59,9206.49
2/5/20 23:59,9393
2/6/20 23:59,9669
2/7/20 23:59,9819.56
2/8/20 23:59,9802.63
2/9/20 23:59,10112.54
2/10/20 23:59,9789.03
2/11/20 23:59,9790.23
2/12/20 23:59,10359.12
2/13/20 23:59,10121.88
2/14/20 23:59,10258.54
2/15/20 23:59,10222.29
2/16/20 23:59,9935.78
2/17/20 23:59,9630.72
2/18/20 23:59,9714.45
2/19/20 23:59,10160.29
2/20/20 23:59,9590.96
2/21/20 23:59,9707.08
2/22/20 23:59,9647.53
2/23/20 23:59,9885.84
2/24/20 23:59,9784.84
2/25/20 23:59,9561
2/26/20 23:59,9132.44
2/27/20 23:59,8815
2/28/20 23:59,8567.79
2/29/20 23:59,8699.18
3/1/20 23:59,8642.92
3/2/20 23:59,8742.34
3/3/20 23:59,8864.6
3/4/20 23:59,8748.06
3/5/20 23:59,9115.24
3/6/20 23:59,9163.84
3/7/20 23:59,9111.53
3/8/20 23:59,8743.84
3/9/20 23:59,7793.7
3/10/20 23:59,8055.91
3/11/20 23:59,7839.01
3/12/20 23:59,5882.82
3/13/20 23:59,5532.31
3/14/20 23:59,5471.51
3/15/20 23:59,5416.71
3/16/20 23:59,4560.2
3/17/20 23:59,5321.57
3/18/20 23:59,5144.84
3/19/20 23:59,5628.96
3/20/20 23:59,6699.26
3/21/20 23:59,6699.26
3/22/20 23:59,6229.55
3/23/20 23:59,5864.67
3/24/20 23:59,6739.68
3/25/20 23:59,6528.04
3/26/20 23:59,6605.98
3/27/20 23:59,6658.58
3/28/20 23:59,6249.73
3/29/20 23:59,6143.83
3/30/20 23:59,6379.85
3/31/20 23:59,6407.53
4/1/20 23:59,6298.64
4/2/20 23:59,6692.42
4/3/20 23:59,7012
4/4/20 23:59,6729.97
4/5/20 23:59,6787.99
4/6/20 23:59,7100.01
4/7/20 23:59,7417.85
4/8/20 23:59,7275.65
4/9/20 23:59,7288.94
4/10/20 23:59,6918.6
4/11/20 23:59,6885.4
4/12/20 23:59,6869.34
4/13/20 23:59,6838.29
4/14/20 23:59,6850.69
4/15/20 23:59,6783.98
4/16/20 23:59,7023.69
4/17/20 23:59,7086.38
4/18/20 23:59,7080.64
4/19/20 23:59,7154.28
4/20/20 23:59,6992.63
4/21/20 23:59,6816.71
4/22/20 23:59,6957.01
4/23/20 23:59,7132.58
4/26/20 23:59,7663.37
4/27/20 23:59,7728
4/28/20 23:59,7751.97
4/29/20 23:59,8130
4/30/20 23:59,8922.57
5/1/20 23:59,8970.6
5/2/20 23:59,8854.8
5/3/20 23:59,9060.2
5/4/20 23:59,8708.13
5/5/20 23:59,8879.47
5/6/20 23:59,9324.45
5/7/20 23:59,9303.66
5/8/20 23:59,9926.88
5/9/20 23:59,9594.48
5/10/20 23:59,8709.5
5/11/20 23:59,8956.19
5/12/20 23:59,8760.52
5/13/20 23:59,9010.49
5/14/20 23:59,9712.35
5/15/20 23:59,9594.69
5/16/20 23:59,9393.22
5/17/20 23:59,9510.28
5/18/20 23:59,9649.07
5/19/20 23:59,9758.8
5/20/20 23:59,9748.04
5/21/20 23:59,9363.52
5/22/20 23:59,9167.49
5/23/20 23:59,9193.99
5/24/20 23:59,9147.04
5/25/20 23:59,8747.8
5/26/20 23:59,8884.72
5/27/20 23:59,9119.2
5/28/20 23:59,9248.44
5/29/20 23:59,9385.07
5/30/20 23:59,9540.57
5/31/20 23:59,9574.78
6/1/20 23:59,9534.46
6/2/20 23:59,10106.53
6/3/20 23:59,9614.27
6/4/20 23:59,9606.05
6/5/20 23:59,9686.66
6/7/20 23:59,9601.41
6/8/20 23:59,9735
6/9/20 23:59,9701.99
6/10/20 23:59,9741.98
6/11/20 23:59,9765.3
6/12/20 23:59,9483.12
6/13/20 23:59,9408.53
6/14/20 23:59,9429.96
6/15/20 23:59,9119.76
6/16/20 23:59,9516.48
6/17/20 23:59,9480.01
6/18/20 23:59,9427.13
6/19/20 23:59,9371.97
6/20/20 23:59,9297.93
6/22/20 23:59,9455.11
6/23/20 23:59,9646.07
6/24/20 23:59,9350.41
6/25/20 23:59,9271.88
6/26/20 23:59,9136.3
6/27/20 23:59,9163.73
6/28/20 23:59,9037.76
6/29/20 23:59,9076.05
6/30/20 23:59,9153.97
7/1/20 23:59,9156.07
7/2/20 23:59,9193.65
7/3/20 23:59,9093.98
7/4/20 23:59,9064.45
7/5/20 23:59,9043.28
7/6/20 23:59,9210.32
7/7/20 23:59,9265.21
7/8/20 23:59,9309.63
7/9/20 23:59,9394.42
7/10/20 23:59,9169.34
7/11/20 23:59,9206.23
7/12/20 23:59,9246.31
7/13/20 23:59,9307
7/14/20 23:59,9217.68
7/15/20 23:59,9226.65
7/16/20 23:59,9078
7/17/20 23:59,9128.16
7/18/20 23:59,9164.4
7/19/20 23:59,9128.34
7/20/20 23:59,9155
7/21/20 23:59,9343.3
7/22/20 23:59,9349.98
7/23/20 23:59,9512.61
7/24/20 23:59,9542.84
7/25/20 23:59,9592.48
7/26/20 23:59,9988.45
7/27/20 23:59,10278.29
7/28/20 23:59,10988
7/29/20 23:59,11088.85
7/30/20 23:59,10938.91
7/31/20 23:59,11191.06
8/1/20 23:59,11650.52
8/2/20 23:59,11095.95
8/3/20 23:59,11225.53
8/4/20 23:59,11176.8
8/5/20 23:59,11404.28
8/6/20 23:59,11705.26
8/7/20 23:59,11759.89
8/8/20 23:59,11781.29
8/9/20 23:59,11690.98
8/10/20 23:59,11728.91
8/11/20 23:59,11725
8/13/20 23:59,11556.81
8/14/20 23:59,11781.86
8/15/20 23:59,11853.14
8/16/20 23:59,11774.34
8/17/20 23:59,11897.28
8/18/20 23:59,12228.84
8/19/20 23:59,11840.71
8/20/20 23:59,11804.26
8/21/20 23:59,11708.21
8/22/20 23:59,11554.16
8/23/20 23:59,11540.8
8/24/20 23:59,11795.96
8/25/20 23:59,11625.87
8/26/20 23:59,11625.87
8/27/20 23:59,11352.85
8/28/20 23:59,11474.96
8/29/20 23:59,11466.47
8/30/20 23:59,11598.35
8/31/20 23:59,11692.28
9/1/20 23:59,11908.66
9/2/20 23:59,11388.43
9/3/20 23:59,11257.62
9/4/20 23:59,10413.58
9/5/20 23:59,10165.94
9/6/20 23:59,10230.97
9/7/20 23:59,10019.92
9/8/20 23:59,9942.71
9/9/20 23:59,10218.75
9/10/20 23:59,10306.22
9/11/20 23:59,10261.54
9/12/20 23:59,10344.78
9/13/20 23:59,10351.83
9/14/20 23:59,10459.14
9/15/20 23:59,10820.47
9/16/20 23:59,10864.53
9/17/20 23:59,10875.36
9/18/20 23:59,10992.04
9/19/20 23:59,11070.49
9/20/20 23:59,10953.95
9/21/20 23:59,10620
9/22/20 23:59,10469.48
9/23/20 23:59,10481.41
9/24/20 23:59,10407.83
9/25/20 23:59,10630.56
9/26/20 23:59,10700
9/27/20 23:59,10638
9/28/20 23:59,10877.04
9/29/20 23:59,10766.19
9/30/20 23:59,10692.49
10/1/20 23:59,10893.43
10/3/20 23:59,10539.77
10/4/20 23:59,10596.54
10/5/20 23:59,10678.61
10/6/20 23:59,10699.07
10/7/20 23:59,10610.94
10/8/20 23:59,10601.28
10/9/20 23:59,11049.52
10/10/20 23:59,11330
10/11/20 23:59,11368.59
10/12/20 23:59,11255.89
10/13/20 23:59,11517
10/14/20 23:59,11385.9
10/15/20 23:59,11321.04
10/16/20 23:59,11342.68
10/17/20 23:59,11349.99
10/18/20 23:59,11349.99
10/19/20 23:59,11510.34
10/20/20 23:59,11776.03
10/21/20 23:59,12350
10/22/20 23:59,12953.61
10/23/20 23:59,13001.07
10/24/20 23:59,12997.71
10/25/20 23:59,12955.83
10/26/20 23:59,13150.48
10/27/20 23:59,13419.43
10/28/20 23:59,13379.66
10/29/20 23:59,13119.3
10/30/20 23:59,13366.71
10/31/20 23:59,13930.26
11/1/20 23:59,13678.8
11/2/20 23:59,13448.27
11/3/20 23:59,13524.8
11/4/20 23:59,13725
11/5/20 23:59,14700
11/6/20 23:59,15526.12
11/7/20 23:59,15519.76
11/8/20 23:59,15152.38
11/9/20 23:59,15665.47
11/10/20 23:59,15310.47
11/11/20 23:59,15577.4
11/12/20 23:59,15810.73
11/13/20 23:59,16250
11/14/20 23:59,15916.33
11/15/20 23:59,16001.07
11/16/20 23:59,16341.29
11/17/20 23:59,16953.52
11/18/20 23:59,18179.05
11/19/20 23:59,17656.91
11/20/20 23:59,18329.47
11/21/20 23:59,18530.14
11/22/20 23:59,17750.82
11/23/20 23:59,18634.47
11/24/20 23:59,18950.38
11/25/20 23:59,19291.29
11/26/20 23:59,17007.15
11/27/20 23:59,16800.35
11/28/20 23:59,17179.97
11/29/20 23:59,18100.85
11/30/20 23:59,18612.18
12/1/20 23:59,19508.65
12/2/20 23:59,19104.49
12/3/20 23:59,19349.43
12/4/20 23:59,18992.35
12/5/20 23:59,18989.01
12/6/20 23:59,19019.32
12/7/20 23:59,19196.82
12/8/20 23:59,18799.56
12/9/20 23:59,18278.5
12/10/20 23:59,18204.3
12/11/20 23:59,17640.89
12/12/20 23:59,18480.57
12/13/20 23:59,19277.33
12/14/20 23:59,19123.74
12/15/20 23:59,19302.61
12/16/20 23:59,19730.11
12/17/20 23:59,22694.89
12/18/20 23:59,22824.13
12/19/20 23:59,22921.61
12/20/20 23:59,23589.44
12/21/20 23:59,22707.59
12/22/20 23:59,23105.59
12/23/20 23:59,22978.83
12/24/20 23:59,23225
12/25/20 23:59,24576.68
12/26/20 23:59,24809.69
12/27/20 23:59,27540.27
12/28/20 23:59,26822.1
12/29/20 23:59,26662.6
12/30/20 23:59,27705.7
12/31/20 23:59,29042.25
1/1/21 23:59,29371.56
1/2/21 23:59,29804.98
1/3/21 23:59,34365.09
1/4/21 23:59,30445.74
1/5/21 23:59,31696.44
1/6/21 23:59,34745.74
1/7/21 23:59,37662.81
1/8/21 23:59,40886.43
1/9/21 23:59,40633.17
1/10/21 23:59,39549.59
1/11/21 23:59,34597.02
1/12/21 23:59,35336.9
1/13/21 23:59,34410.53
1/14/21 23:59,38247.85
1/15/21 23:59,37947.26
1/16/21 23:59,37600.72
1/17/21 23:59,35322.54
1/18/21 23:59,36490.45
1/19/21 23:59,37041.39
1/20/21 23:59,34332.49
1/21/21 23:59,32662.22
1/22/21 23:59,31607.33
1/23/21 23:59,31859.47
1/24/21 23:59,32773.2
1/25/21 23:59,33174.85
1/26/21 23:59,31724.87
1/27/21 23:59,30941
1/28/21 23:59,31265.25
1/29/21 23:59,36936.46
1/30/21 23:59,33663.94
1/31/21 23:59,33607.59
2/1/21 23:59,34237.92
2/2/21 23:59,34906.38
2/3/21 23:59,36036
2/4/21 23:59,37727.51
2/5/21 23:59,37671.58
2/6/21 23:59,40308.26
2/7/21 23:59,38991.36
2/8/21 23:59,39400
2/9/21 23:59,46465.82
2/10/21 23:59,46562.1
2/11/21 23:59,46508.79
2/12/21 23:59,47744.31
2/13/21 23:59,46500
2/14/21 23:59,49012.27
2/15/21 23:59,47969.51
2/16/21 23:59,48967.83
2/17/21 23:59,51550
2/18/21 23:59,51279.37
2/19/21 23:59,52680.26
2/20/21 23:59,55976.4
2/21/21 23:59,57374.81
2/22/21 23:59,54868.39
2/23/21 23:59,45848.54
2/24/21 23:59,50318.49
2/25/21 23:59,50153.04
2/26/21 23:59,46254
2/27/21 23:59,47345.95
2/28/21 23:59,45299.07
3/1/21 23:59,47828.21
3/2/21 23:59,49039.77
3/3/21 23:59,51403.93
3/4/21 23:59,49387.21
3/5/21 23:59,47349.61
3/6/21 23:59,48213.37
3/7/21 23:59,50650.52
3/8/21 23:59,50229.12
3/9/21 23:59,54224.47
3/10/21 23:59,54766.39
3/11/21 23:59,56067.48
3/12/21 23:59,56595.24
3/13/21 23:59,59784.91
3/14/21 23:59,60095.59
3/15/21 23:59,56400.71
3/16/21 23:59,55262.28
3/17/21 23:59,54969.69
3/18/21 23:59,58045.49
3/19/21 23:59,58750
3/20/21 23:59,59237.2
3/21/21 23:59,56152.86
3/22/21 23:59,57703.58
3/23/21 23:59,54340.09
3/24/21 23:59,56409
3/25/21 23:59,52358.56
3/26/21 23:59,52734.3
3/27/21 23:59,54508.16
3/28/21 23:59,55871.93
3/29/21 23:59,57788.15
3/30/21 23:59,59069.29